ID,Name,Location
1259,Khách Sạn Hương Ly 1,0101000020E6100000DD859CAD725C5A40AD48F196500A3540
2256,Huong Ly Hotel 2,0101000020E6100000DD859CAD725C5A40AD48F196500A3540
214,New Sky Airport Hotel Noi Bai,0101000020E6100000216816B284625A4080457EFD10493540
770,HANZ Khách sạn Sân bay Nội Bài,0101000020E6100000216816B284625A4080457EFD10493540
1767,New Sky Airport Hotel,0101000020E610000043BA8E27B8715A4040C7A244A6373540
1768,Tuna Hostel Ha Noi,0101000020E610000043BA8E27B8715A4040C7A244A6373540
336,Kawasaki Hotel Noi Bai Airport,0101000020E6100000F91BA32B47725A403767E9AFFC363540
679,Chio Hotel And Apartment,0101000020E6100000F91BA32B47725A403767E9AFFC363540
2021,Coffe House Homestay,0101000020E61000006252D735B5725A403FEF7CF5A7373540
2125,Noi Bai Family Homestay,0101000020E61000006252D735B5725A403FEF7CF5A7373540
2615,Sao Mai Hostel,0101000020E61000006252D735B5725A403FEF7CF5A7373540
208,Khách sạn Anova Airport Hotel - Convenient & Friendly,0101000020E61000003E6A02FB1E755A40E3AF24D467343540
1044,Anova Hotel,0101000020E61000003E6A02FB1E755A40E3AF24D467343540
1969,Khách sạn Phương Đông,0101000020E6100000B82D9D3DF8745A4071F618F6C53F3540
2317,Duc Hieu Hotel,0101000020E6100000B82D9D3DF8745A4071F618F6C53F3540
520,Family Transit Hotel,0101000020E6100000E466B8011F725A402FB484C65D383540
837,Thanh Huong 99 Hotel - Noi Bai,0101000020E6100000E466B8011F725A402FB484C65D383540
2333,Duc Hieu Hotel,0101000020E6100000E466B8011F725A402FB484C65D383540
2722,Khách sạn Ánh Dương Nội Bài,0101000020E6100000E466B8011F725A402FB484C65D383540
1758,Minh Quan Hotel HN- by Bay Luxury,0101000020E61000006288F777916F5A40F5EA2D2F0A023540
1765,Avani Central Hanoi Hotel,0101000020E61000006288F777916F5A40F5EA2D2F0A023540
1779,Victoria Apartment Paradise Suites,0101000020E61000006288F777916F5A40F5EA2D2F0A023540
1794,Xuan La Apartment,0101000020E61000006288F777916F5A40F5EA2D2F0A023540
1151,A Rich Stay 4/43 Dong Me,0101000020E6100000EAAEEC82C1715A402997C62FBC023540
2594,Suji Home,0101000020E6100000EAAEEC82C1715A402997C62FBC023540
1160,Ngoc Han Apartment 2,0101000020E6100000E896676FBA715A4051B351E79B023540
2421,NehobCity Luxury Apartment,0101000020E6100000E896676FBA715A4051B351E79B023540
1644,Luxury Vinhomes Green Bay Retreat - Hagi APT,0101000020E6100000C37872F2C7715A404B02D4D4B2033540
2422,HKG-Vinhomes Green Bay - Modem - Luxurious,0101000020E6100000C37872F2C7715A404B02D4D4B2033540
2707,Dolphin Plaza,0101000020E610000020B6F468AA715A40A27DACE0B7073540
2708,Hilton Hanoi,0101000020E610000020B6F468AA715A40A27DACE0B7073540
1697,Asahi Japan - FLC GreenHome Apartment,0101000020E610000070A58DD9C8715A406539645EA2073540
1778,FLC green 18 Pham Hung - 2Br - 800m to Landmark 72,0101000020E610000070A58DD9C8715A406539645EA2073540
1273,HaLa Housing Vinhomes Skylake,0101000020E61000001AF5B5D3FB715A40E27492AD2E053540
2410,Vinhomes Skylake Convenient Apartment,0101000020E61000001AF5B5D3FB715A40E27492AD2E053540
2429,Quylodge - Vinhomes Skylake Apartment,0101000020E61000001AF5B5D3FB715A40E27492AD2E053540
1655,Manmo Park Home Studio 70 Dinh Thon,0101000020E6100000245F09A4C4715A40FD3B91161D053540
2297,Parkhomes Apartment,0101000020E6100000245F09A4C4715A40FD3B91161D053540
856,Viet My Hotel Hanoi,0101000020E61000008CCBA77DA9715A40339DE799A8053540
2119,Khach San Viet My,0101000020E61000008CCBA77DA9715A40339DE799A8053540
1325,Sebong Hotel,0101000020E61000003FABCC94D6715A407C90AF4EDF043540
1326,An Home,0101000020E61000003FABCC94D6715A407C90AF4EDF043540
1816,GLORY INN HOTEL,0101000020E61000003FABCC94D6715A407C90AF4EDF043540
844,Blubiz Hotel Mỹ Đình - Blubiz Hotel 2,0101000020E6100000C8E7BA95CA715A409E7E501729043540
1878,Blubiz Hotel 5,0101000020E6100000C8E7BA95CA715A409E7E501729043540
2349,Khách sạn Blubiz Mỹ Đình Sông Đà,0101000020E6100000C8E7BA95CA715A409E7E501729043540
47,"InterContinental Hotels HANOI LANDMARK72, an IHG Hotel",0101000020E6100000DFBB726234725A40B8F3B3475E043540
48,Amour Resort Bavi,0101000020E6100000DFBB726234725A40B8F3B3475E043540
928,Calidas Landmark72 Royal Residence Hanoi,0101000020E6100000DFBB726234725A40B8F3B3475E043540
2242,Calidas Royal Serviced Residence Ha Noi,0101000020E6100000DFBB726234725A40B8F3B3475E043540
717,Sunhomes - Tourist Apartment,0101000020E6100000E00ED4290F725A404B523EA99B043540
779,Vinhomes Skylake - SunhouseLand,0101000020E6100000E00ED4290F725A404B523EA99B043540
847,Vinhome Skylake Luxury Apartment,0101000020E6100000E00ED4290F725A404B523EA99B043540
990,Căn hộ Vinhome Skylake,0101000020E6100000E00ED4290F725A404B523EA99B043540
1412,Vinhomes Skylake Apartment City View,0101000020E6100000E00ED4290F725A404B523EA99B043540
1781,LT.Housing Vinhomes Skylake,0101000020E6100000E00ED4290F725A404B523EA99B043540
2386,Mira Housing- Vinhome Skylake Luxury Apartment,0101000020E6100000E00ED4290F725A404B523EA99B043540
2391,HKG-Vinhomes Sky Lake - Luxury Apartment,0101000020E6100000E00ED4290F725A404B523EA99B043540
2602,Anstay Deluxe in Vinhomes Skylake,0101000020E6100000E00ED4290F725A404B523EA99B043540
2730,HKG - Vinhomes Sky Lake - Dream apartments in Ha noi,0101000020E6100000E00ED4290F725A404B523EA99B043540
1310,HKG - Vinhomes SkyLake - Apartment in Hanoi,0101000020E610000031CD74AF13725A40D9F80269B5043540
1799,PQG - Vinhomes Skylake - Lavish - Resplendent Apartments in Hanoi,0101000020E610000031CD74AF13725A40D9F80269B5043540
2171,TIL - Vinhomes Skylake Elegance Suites,0101000020E610000031CD74AF13725A40D9F80269B5043540
2533,HPT - Vinhomes Skylake - Quixotic-Resplendent Apartment in Ha Noi,0101000020E610000031CD74AF13725A40D9F80269B5043540
1685,Hannah Housing,0101000020E6100000429946930B725A4014364DE9AA043540
2553,HPT - Vinhomes Skylake - Quixotic-Resplendent Apartment in Ha Noi,0101000020E6100000429946930B725A4014364DE9AA043540
2751,Cuncun homestay - Vinhomes Skylake Hanoi City Center,0101000020E6100000429946930B725A4014364DE9AA043540
650,Luxury Apartment Vinhomes Skylake,0101000020E61000005ECEB6E402725A40E048A0C1A6043540
1312,Vinhomes Skylake Apartment near Keangnam - Hanoirooms,0101000020E61000005ECEB6E402725A40E048A0C1A6043540
1369,Luxhome Vinhomes Skylake,0101000020E61000005ECEB6E402725A40E048A0C1A6043540
1396,Hagi APT Vinhomes Skylake,0101000020E61000005ECEB6E402725A40E048A0C1A6043540
1440,Rosy House Skylake,0101000020E61000005ECEB6E402725A40E048A0C1A6043540
1780,Vinhomes Skylake Service Apartment - Ha Noi,0101000020E61000005ECEB6E402725A40E048A0C1A6043540
2033,Vinhomes Skylake - Quylodge,0101000020E61000005ECEB6E402725A40E048A0C1A6043540
2142,Daisy Homestay - Vinhomes Sky Lake,0101000020E61000005ECEB6E402725A40E048A0C1A6043540
2143,Phuong Ly House,0101000020E61000005ECEB6E402725A40E048A0C1A6043540
2412,Nanahousing-Nice Apartment near Korea Town & Chinese Area,0101000020E61000005ECEB6E402725A40E048A0C1A6043540
2520,TITRI House Vinhomes Skylake Apartment,0101000020E61000005ECEB6E402725A40E048A0C1A6043540
2560,Vinhomes Skylake Residence - CitiHome,0101000020E61000005ECEB6E402725A40E048A0C1A6043540
2592,Luxury Condotel - Vinhomes Skylake,0101000020E61000005ECEB6E402725A40E048A0C1A6043540
2653,Cuncun homestay - Vinhomes Skylake Hanoi City Center,0101000020E61000005ECEB6E402725A40E048A0C1A6043540
1043,MC Homes - Vinhomes SkyLake Luxury Apartment Hanoi City,0101000020E6100000B1CC11E802725A40D00A0C59DD043540
1395,Gem Housing - Vinhomes Skylake Luxury Serviced Apartment,0101000020E6100000B1CC11E802725A40D00A0C59DD043540
1640,Hannah Housing,0101000020E6100000B1CC11E802725A40D00A0C59DD043540
2388,May Housing - Vinhomes Skylake,0101000020E6100000B1CC11E802725A40D00A0C59DD043540
2437,Irene Home - Vinhomes Skylake in Hanoi,0101000020E6100000B1CC11E802725A40D00A0C59DD043540
2522,MC Homes - Vinhomes Skylake Apartment,0101000020E6100000B1CC11E802725A40D00A0C59DD043540
2532,Vinhomes Skylake - Urban Elegance Skylake,0101000020E61000004DEB803518725A40669FC728CF043540
2726,Hagi APT - Vinhomes Skylake Service Apartment in Pham Hung,0101000020E61000004DEB803518725A40669FC728CF043540
1375,Vinhomes Skylake - Luxury apartment by Sunhouse Land,0101000020E6100000C8D7F91205725A408CAB803111053540
1518,Căn hộ Homefromhome Skylake,0101000020E6100000C8D7F91205725A408CAB803111053540
1674,Nanahousing-Vinhomes Skylake Luxury Apartments,0101000020E6100000C8D7F91205725A408CAB803111053540
2397,"HKG-Vinhomes Skylake 2BR-Delicate, Gentle-Korea St",0101000020E6100000C8D7F91205725A408CAB803111053540
976,Cindy Vinhomes Skylake Apartments,0101000020E610000071E6577300725A40A2D0B2EE1F053540
1419,Vinhomes Sky Lake - Feria Homes,0101000020E610000071E6577300725A40A2D0B2EE1F053540
1625,NVT Housing - Vinhomes Skylake Apartment,0101000020E610000071E6577300725A40A2D0B2EE1F053540
2169,Luxury Vinhomes Skylake Anstay,0101000020E610000071E6577300725A40CC4F60F01F053540
2398,Serviced Apartment Vinhomes Skylake near My Dinh,0101000020E610000071E6577300725A40CC4F60F01F053540
8,Grand K Hotel Suites Hanoi,0101000020E61000006C2409C295725A404EA14ED42D063540
1102,Asahi Luxstay - Golden Park  Apartments,0101000020E61000006C2409C295725A404EA14ED42D063540
73,Hanoi Daewoo Hotel,0101000020E6100000AD32535AFF735A4095FBD3FCE7073540
1414,Daeha Serviced Apartment,0101000020E6100000AD32535AFF735A4095FBD3FCE7073540
1496,Apartment Kim Ma,0101000020E6100000049F3072E0735A403E35A84764073540
2400,NINE HOUSING A10 Kim Ma,0101000020E6100000049F3072E0735A403E35A84764073540
853,Paradise Home Kim Mã,0101000020E61000004C6BD3D8DE735A40841DB57867073540
1702,Aki Home Hanoi,0101000020E61000004C6BD3D8DE735A40841DB57867073540
2302,Sumitomo 12 - 535 Kim Ma,0101000020E61000004C6BD3D8DE735A40841DB57867073540
863,Khách sạn Đế Vương 2,0101000020E61000007CC15DACDE735A409C4539E2DA063540
2116,Hanz Regal Hotel Hanoi,0101000020E61000007CC15DACDE735A409C4539E2DA063540
51,Khách sạn Grand Plaza Hà Nội,0101000020E6100000ABD09BE58D735A40E148FB7A19043540
705,Luxury Apartment Dcapital Trần Duy Hưng,0101000020E6100000ABD09BE58D735A40E148FB7A19043540
1275,Vinhomes D'capitale - Kim's House,0101000020E6100000ABD09BE58D735A40E148FB7A19043540
1651,Brandi Hotel,0101000020E6100000ABD09BE58D735A40E148FB7A19043540
2144,Vinhomes D'Capitale Ha Noi-Gem Apartment,0101000020E6100000ABD09BE58D735A40E148FB7A19043540
501,Sunny 2 Hotel,0101000020E6100000A23D038F94735A406207DF45A9023540
2620,Sac Mau Motel,0101000020E6100000A23D038F94735A406207DF45A9023540
474,V-HOUSE 6 Serviced Apartment,0101000020E610000008292E7D9E735A404D66BCADF4023540
475,Kim Cuong Hotel 2,0101000020E610000008292E7D9E735A404D66BCADF4023540
2221,Dinh Hotel,0101000020E6100000AB1A29006B735A4087F2AA73B1023540
2399,Hanoi Palace Hotel,0101000020E6100000AB1A29006B735A4087F2AA73B1023540
1616,New Land House 7,0101000020E61000005C71169B7B735A40541EDD088B023540
1617,Mai Hotel Ha Noi,0101000020E61000005C71169B7B735A40541EDD088B023540
1178,Khách sạn Seoul 2,0101000020E6100000DFF137EB1D735A404221020EA1023540
1276,Green Hotel Apartment HN- by Bay Luxury,0101000020E6100000DFF137EB1D735A404221020EA1023540
1943,Khách sạn Mai Villa - Mai Hà 2,0101000020E610000076CE05E481725A4000FA224674023540
2283,Khách sạn Mai Villa - Mai Hà 3,0101000020E610000076CE05E481725A4000FA224674023540
2284,Musical Villa - Homestay Easternstay,0101000020E610000076CE05E481725A4000FA224674023540
2478,Rosee Apartment,0101000020E61000002A66CE44A2725A409AB33EE598023540
2565,Rosee Hotel & Apartment,0101000020E61000002A66CE44A2725A409AB33EE598023540
87,Khách Sạn Le Grand Hanoi - The Ruby,0101000020E6100000E4C924D9D9725A40E06F6A566C023540
2577,Ruby Hotel,0101000020E6100000E4C924D9D9725A40E06F6A566C023540
398,Vinhomes D'Capitale Serviced Apartment,0101000020E61000007E24DBAFF1725A4027D64E39CB013540
1049,Vinhomes D'Capitale Luxury Apartment 1,0101000020E61000007E24DBAFF1725A4027D64E39CB013540
1319,Vinhomes D'capitale - Kim's House,0101000020E61000007E24DBAFF1725A4027D64E39CB013540
1485,Romantic Apartment in Vinhomes Dcapitale,0101000020E61000007E24DBAFF1725A4027D64E39CB013540
1687,HKG-Vinhomes D'Capitable- Modern Apartments in Hanoi,0101000020E61000007E24DBAFF1725A4027D64E39CB013540
2032,May Housing - D'capitale,0101000020E61000007E24DBAFF1725A4027D64E39CB013540
995,Vinhomes D'Capitale Luxury Apartment 1,0101000020E6100000C442AD69DE725A40584EE72F99013540
1280,Vinhomes D'Capitale - Luna's House,0101000020E6100000C442AD69DE725A40584EE72F99013540
1361,Romantic Apartment in Vinhomes Dcapitale,0101000020E6100000C442AD69DE725A40584EE72F99013540
1402,D'capital Vinhome Apartment For Rent,0101000020E6100000C442AD69DE725A40584EE72F99013540
1636,HKG-Vinhomes D'Capitable- Modern Apartments in Hanoi,0101000020E6100000C442AD69DE725A40584EE72F99013540
1660,Vinhomes D'capitale Apartment Near Keangnam - Hanoi Rooms,0101000020E6100000C442AD69DE725A40584EE72F99013540
1684,D'capitale - Feria Homes,0101000020E6100000C442AD69DE725A40584EE72F99013540
1753,Vinhomes D'Capitale Serviced Apartment,0101000020E6100000C442AD69DE725A40584EE72F99013540
1839,Vinhome D'capitale Cau Giay,0101000020E6100000C442AD69DE725A40584EE72F99013540
2007,Vinhomes D'Capitale Apartment,0101000020E6100000C442AD69DE725A40584EE72F99013540
2008,Hagi APT - Vinhomes D'Capitale in Ha Noi,0101000020E6100000C442AD69DE725A40584EE72F99013540
2013,May Housing - D'capitale,0101000020E6100000C442AD69DE725A40584EE72F99013540
2015,Vinhomes D'capitale Center of Cau Giay district,0101000020E6100000C442AD69DE725A40584EE72F99013540
2020,Gem Housing - Nice Apartment Vincom D'Capitale Near Chinese Area,0101000020E6100000C442AD69DE725A40584EE72F99013540
2023,Mira Housing- Vinhomes D'Capitale,0101000020E6100000C442AD69DE725A40584EE72F99013540
2028,Feria Home - D'capitale Tran Duy Hung,0101000020E6100000C442AD69DE725A40584EE72F99013540
2039,MC Homes - Vinhomes D'Capitale Apartment Hanoi City,0101000020E6100000C442AD69DE725A40584EE72F99013540
2118,NVT Housing - Vinhomes D'Capitale Apartment Hanoi,0101000020E6100000C442AD69DE725A40584EE72F99013540
2149,South Homes - Vinhomes d'Capitale Luxury Apartment Hanoi City Center,0101000020E6100000C442AD69DE725A40584EE72F99013540
2150,DAT Vinhomes D'Capital Elegance Suites,0101000020E6100000C442AD69DE725A40584EE72F99013540
2151,Vinhomes D'Capitale - Quylodge,0101000020E6100000C442AD69DE725A40584EE72F99013540
2152,LT.Housing-Vinhomes D'capitale-Tran Duy Hung,0101000020E6100000C442AD69DE725A40584EE72F99013540
2241,QMP Vinhomes DCap,0101000020E6100000C442AD69DE725A40584EE72F99013540
2261,Luna's House,0101000020E6100000C442AD69DE725A40584EE72F99013540
2638,Vinhome Tran Duy Hung- Dcapitale Homestay,0101000020E6100000C442AD69DE725A40584EE72F99013540
686,Vivian's House - Vinhomes D'Capital Trần Duy Hưng,0101000020E6100000C63D4CB1D9725A40046564DA48013540
724,Vinhomes D'capitale Trần Duy Hưng,0101000020E6100000C63D4CB1D9725A40046564DA48013540
596,NCC Garden Villas,0101000020E6100000EBBB6C857A725A408A7F8E4589003540
956,Căn hộ dịch vụ Bayhomes Green Bay,0101000020E6100000EBBB6C857A725A408A7F8E4589003540
1455,Xuan Mai Apartment - Vinhomes Green Bay,0101000020E61000000C6DA57C2D725A4017DBFF5B24003540
2035,Vinhome Greenbay -  Apartment  Hanoi,0101000020E61000000C6DA57C2D725A4017DBFF5B24003540
2174,Tom‘s House,0101000020E61000000C6DA57C2D725A4017DBFF5B24003540
2359,Vinhomes Greenbay Me Tri Apartment,0101000020E61000000C6DA57C2D725A4017DBFF5B24003540
2455,Amy Home - Vinhomes Greenbay Hanoi,0101000020E61000000C6DA57C2D725A4017DBFF5B24003540
312,Roygent Parks Hanoi,0101000020E6100000A54522D9C8725A408B5242B0AA003540
2591,Cosinam House - Vinata Tower Hanoi,0101000020E6100000A54522D9C8725A408B5242B0AA003540
76,Lavie Hotel Ha Noi,0101000020E61000002F23AB1130735A4098E02FC104013540
77,Khách Sạn Cosy Inn Hà Nội,0101000020E61000002F23AB1130735A4098E02FC104013540
1627,Ngoc Lan- 35 Tran Quang Dieu-Bay Luxury,0101000020E61000003024CC59C4745A4055F65D11FC033540
2054,Hovi Dai Loi,0101000020E61000003024CC59C4745A4055F65D11FC033540
2315,Kim Lien Hotel,0101000020E6100000227D4919A7755A408FA449CE2E023540
2316,Hanoi Charming House - Hang Thiet,0101000020E6100000227D4919A7755A408FA449CE2E023540
125,Midori Boutique Hotel,0101000020E61000005D5D047C6D765A406CAF05BD37043540
1728,Santa Hotel I,0101000020E61000005D5D047C6D765A406CAF05BD37043540
172,Halais Hotel,0101000020E610000006ED7A0E51765A40685E697462043540
1806,Khách sạn Green Park,0101000020E610000006ED7A0E51765A40685E697462043540
518,A25 Hotel - 15 Tran Quoc Toan,0101000020E61000004D463AA869765A40CD0F1258EF043540
2575,Rosaliza Hotel Hanoi,0101000020E61000004D463AA869765A40CD0F1258EF043540
908,Huong Giang Apartment,0101000020E6100000D9CD8C7E34765A40F28178B878053540
1582,Hanpro - Luxury Old Quarter Apartment,0101000020E6100000D9CD8C7E34765A40F28178B878053540
1894,Khách sạn LadyBug,0101000020E6100000747D1F0E92765A40988E94884B053540
1895,Ba Sao Hotel,0101000020E6100000747D1F0E92765A40988E94884B053540
1359,Hilton Hanoi Opera,0101000020E61000009C93CD0BE6765A4014EAE923F0053540
1389,GRAD Minh Trang Motel,0101000020E61000009C93CD0BE6765A4014EAE923F0053540
2178,Khách sạn Hilton Hà Nội,0101000020E61000009C93CD0BE6765A4014EAE923F0053540
2102,Minasi Hotel & Spa,0101000020E61000007B88A13083765A40FE4465C39A043540
2103,Tay Do Hotel,0101000020E61000007B88A13083765A40FE4465C39A043540
960,Cukoo House,0101000020E610000085BD3F949E765A4016A1D80A9A043540
961,Hanoian Style,0101000020E610000085BD3F949E765A4016A1D80A9A043540
1191,Van Xuan Hotel Hanoi,0101000020E6100000193E7D5F37775A4073F15C84CE043540
2534,Van Xuan Hotel HN - by Bay Luxury,0101000020E6100000193E7D5F37775A4073F15C84CE043540
1937,Homestay Near Opera House,0101000020E61000004BA2A87D04775A405EBEF561BD053540
1938,Maison Ly - H2H,0101000020E61000004BA2A87D04775A405EBEF561BD053540
337,Hanoi Paradise Center Hotel & Spa,0101000020E6100000BD14C37AC8765A40D87DC7F0D8073540
998,Awa Downtown Hostel,0101000020E6100000BD14C37AC8765A40D87DC7F0D8073540
532,Khách sạn Ja Cosmo Hotel & Spa,0101000020E6100000FBF900EEC3765A40E30632F1FD073540
2488,Antique Hotel,0101000020E6100000FBF900EEC3765A40E30632F1FD073540
968,Lan's Homestay,0101000020E610000056E99381A8765A40EC45FEAA6D063540
969,Alley Garden Homestay,0101000020E610000056E99381A8765A40EC45FEAA6D063540
2275,Romantic HomeStay,0101000020E6100000856C0F3194765A4074BFF9C385063540
2720,The Rustic Homestay,0101000020E6100000856C0F3194765A4074BFF9C385063540
211,AFFA Boutique Hotel,0101000020E6100000396AE0A26E765A4005A4FD0FB0063540
212,Hanoi Elite Central Hotel,0101000020E6100000396AE0A26E765A4005A4FD0FB0063540
16,Millennium Hanoi Hotel,0101000020E6100000E847687000765A4033C0AA1F40073540
1576,Sazi Apartment 143 Hang Bong,0101000020E6100000E847687000765A4033C0AA1F40073540
1863,Zody Premium Apartment,0101000020E6100000FD32182312765A4022D5C10B6C073540
1875,Thuy An Apartments,0101000020E6100000FD32182312765A4022D5C10B6C073540
722,San Palace Hotel,0101000020E610000027B8FD9710765A40D116218667073540
1907,Nevaeh Boutique Hotel & Spa Hanoi,0101000020E610000027B8FD9710765A40D116218667073540
1490,Hanoi Lotus Boutique Hotel,0101000020E6100000D7789F9916765A4077E805E973073540
1925,Hanoi Grand Hotel,0101000020E6100000D7789F9916765A4077E805E973073540
2598,Hanoi Calista Hotel,0101000020E6100000522F53EE19765A40D3A414747B073540
2646,Meritel Hanoi Hotel,0101000020E6100000522F53EE19765A40D3A414747B073540
2252,Khách sạn Aquarius Hà Nội,0101000020E610000039E8B7544A765A407BD404F63D073540
2654,Impressive Boutique Hotel,0101000020E610000039E8B7544A765A407BD404F63D073540
247,GRAND HÔTEL du LAC Hanoi,0101000020E610000091781E8164765A409F8D017E32073540
248,Khách Sạn Little Hanoi Deluxe,0101000020E610000091781E8164765A409F8D017E32073540
249,Especen Hotel,0101000020E610000091781E8164765A409F8D017E32073540
250,Especen Legend Hotel,0101000020E610000091781E8164765A409F8D017E32073540
251,Camellia Residence Hanoi,0101000020E610000091781E8164765A409F8D017E32073540
252,Royal Dương Nội Hotel,0101000020E610000091781E8164765A409F8D017E32073540
254,La Passion Premium Cầu Gỗ,0101000020E610000091781E8164765A409F8D017E32073540
255,D'Villa Hotel,0101000020E610000091781E8164765A409F8D017E32073540
256,ISTAY Hotel Apartment 1,0101000020E610000091781E8164765A409F8D017E32073540
257,Khách sạn Fraser Suites Hà Nội,0101000020E610000091781E8164765A409F8D017E32073540
258,Khách sạn Tulip - Vũ Ngọc Phan,0101000020E610000091781E8164765A409F8D017E32073540
259,The Oriental Jade Hotel,0101000020E610000091781E8164765A409F8D017E32073540
260,Vivian's House - Vinhomes Green Bay Mễ Trì,0101000020E610000091781E8164765A409F8D017E32073540
261,Nature Hotel Hanoi,0101000020E610000091781E8164765A409F8D017E32073540
262,Anatole Hotel Hanoi,0101000020E610000091781E8164765A409F8D017E32073540
263,LA SELVA PREMIUM HOTEL,0101000020E610000091781E8164765A409F8D017E32073540
264,Khách Sạn Marina Boutique,0101000020E610000091781E8164765A409F8D017E32073540
265,Eliana Signature Hanoi Hotel,0101000020E610000091781E8164765A409F8D017E32073540
266,La Dolce Vita Hotel,0101000020E610000091781E8164765A409F8D017E32073540
267,Simple Hostel,0101000020E610000091781E8164765A409F8D017E32073540
268,The Hanoi Club Hotel & Residences,0101000020E610000091781E8164765A409F8D017E32073540
269,Emerald Boutique Hotel,0101000020E610000091781E8164765A409F8D017E32073540
270,Sunrise Hanoi Hotel,0101000020E610000091781E8164765A409F8D017E32073540
271,AncyrA TamTam Hotel by Continent - Near Hoan Kiem Lake,0101000020E610000091781E8164765A409F8D017E32073540
273,Beryl Signature Hanoi Hotel,0101000020E610000091781E8164765A409F8D017E32073540
274,22housing 81 Linh Lang No.9,0101000020E610000091781E8164765A409F8D017E32073540
275,Khách sạn Hanoi Chic Boutique,0101000020E610000091781E8164765A409F8D017E32073540
276,Muse Hanoi Penthouse Apartment - PentStudio West Lake,0101000020E610000091781E8164765A409F8D017E32073540
277,Memory Central Hotel & Spa Hà Nội,0101000020E610000091781E8164765A409F8D017E32073540
278,La Passion Hanoi Hotel & Apartment,0101000020E610000091781E8164765A409F8D017E32073540
279,191 Dragon Hotel Hanoi,0101000020E610000091781E8164765A409F8D017E32073540
280,The Chi Boutique Hotel,0101000020E610000091781E8164765A409F8D017E32073540
281,Reyna Hotel Hanoi & Spa,0101000020E610000091781E8164765A409F8D017E32073540
282,Signature By M Village Tho Nhuom,0101000020E610000091781E8164765A409F8D017E32073540
283,MK Premier Boutique Hotel,0101000020E610000091781E8164765A409F8D017E32073540
284,A25 Hotel - 15 Hang Than,0101000020E610000091781E8164765A409F8D017E32073540
285,Sport Hotel Hanoi,0101000020E610000091781E8164765A409F8D017E32073540
286,Lucky Central Hotel & Travel,0101000020E610000091781E8164765A409F8D017E32073540
288,Minerva Church Hotel,0101000020E610000091781E8164765A409F8D017E32073540
289,Khách sạn The Lapis,0101000020E610000091781E8164765A409F8D017E32073540
290,Khách sạn Sunrise,0101000020E610000091781E8164765A409F8D017E32073540
291,Fortuna Hotel Hanoi,0101000020E610000091781E8164765A409F8D017E32073540
292,Tien Dat Hostel,0101000020E610000091781E8164765A409F8D017E32073540
293,La Nueva Boutique Hotel Hanoi,0101000020E610000091781E8164765A409F8D017E32073540
294,Memory Hotel,0101000020E610000091781E8164765A409F8D017E32073540
295,Bluebell Hotel,0101000020E610000091781E8164765A409F8D017E32073540
296,Granda Trung Hoa Apartment,0101000020E610000091781E8164765A409F8D017E32073540
297,Eli Rina Hotel,0101000020E610000091781E8164765A409F8D017E32073540
298,Bella Rosa Trendy Hotel,0101000020E610000091781E8164765A409F8D017E32073540
299,Elegant Mansion 88,0101000020E610000091781E8164765A409F8D017E32073540
300,Hanoi Brilliant Hotel and Spa,0101000020E610000091781E8164765A409F8D017E32073540
301,Hanoi Gallant Hotel,0101000020E610000091781E8164765A409F8D017E32073540
302,Tunger Grand Hotel,0101000020E610000091781E8164765A409F8D017E32073540
303,The Castle Hotel,0101000020E610000091781E8164765A409F8D017E32073540
304,Halo Hanoi Hotel,0101000020E610000091781E8164765A409F8D017E32073540
305,Khách sạn Blue Pearl West,0101000020E610000091781E8164765A409F8D017E32073540
306,Sunny 1 Hotel,0101000020E610000091781E8164765A409F8D017E32073540
804,Impressive Boutique Hotel,0101000020E6100000E305C71B4F765A40A8C244285B073540
2623,Josephs Hotel,0101000020E6100000E305C71B4F765A40A8C244285B073540
2285,Khách sạn Cinnamon Cathedral,0101000020E6100000C64E78094E765A4025010FB166073540
2286,Khách sạn Lake Side - Linh Đàm,0101000020E6100000C64E78094E765A4025010FB166073540
100,22land Residence Hotel 52 Ngo Huyen,0101000020E6100000D41FABA54A765A4022C154336B073540
1139,Au Co Art Classic Hotel & Spa,0101000020E6100000D41FABA54A765A4022C154336B073540
919,Cathedral Hanoi Backpackers,0101000020E61000004CBB3DAD47765A40E88C83A680073540
1194,Khách sạn Golden Snake,0101000020E61000004CBB3DAD47765A40E88C83A680073540
787,Hanoi Lucky Hostel,0101000020E61000009F8EC70C54765A40F8ACC66D8F073540
1736,Hanoi Lucky II Hotel,0101000020E61000009F8EC70C54765A40F8ACC66D8F073540
1972,Especen Hotel - 15B Ngo Huyen,0101000020E610000084CCDFCE4F765A407C6308008E073540
2611,Lunar Hotel,0101000020E610000084CCDFCE4F765A407C6308008E073540
200,Solaria Hotel Hanoi,0101000020E61000003A2E99196C765A406BD44334BA073540
936,Imperial Hotel & Spa,0101000020E61000003A2E99196C765A406BD44334BA073540
1885,Golden Lotus Hotel,0101000020E61000003E6656A563765A40AECACF57DA073540
2498,Khách sạn Golden Lotus Boutique,0101000020E61000003E6656A563765A40AECACF57DA073540
1538,Sazi Apartment 143 Hang Bong,0101000020E6100000CDFC0F551D765A40CF1033A083073540
1539,The Nguyens Apartments Hanoi Old Quarter,0101000020E6100000CDFC0F551D765A40CF1033A083073540
1448,Halley Hostel & Spa Hanoi,0101000020E6100000BF3E840200765A40FAE307F87F073540
2202,Soft Pillow Hostel - Chỉ khách người lớn,0101000020E6100000BF3E840200765A40FAE307F87F073540
1529,HANZ Hotel Memory Hà Nội,0101000020E6100000F76F03E305765A4045A6327B8F073540
2570,Hanoi Lele & Frog Hotel,0101000020E6100000F76F03E305765A4045A6327B8F073540
184,San Premium Hotel & Spa,0101000020E6100000C134B1651E765A4043363575C3073540
2473,Golden Cyclo Hotel Powered by fave,0101000020E6100000C134B1651E765A4043363575C3073540
576,Spoon Hotel Hanoi,0101000020E61000002E6DDD721A765A408C43A275F9073540
577,New Hotel III,0101000020E61000002E6DDD721A765A408C43A275F9073540
1121,The Landmark Hanoi,0101000020E61000002E6DDD721A765A408C43A275F9073540
74,AIRA Boutique Hanoi Hotel & Spa,0101000020E6100000A353FC84D8755A40AAC65C63E1073540
2071,Ogallery Majestic Hotel and Spa,0101000020E6100000A353FC84D8755A40AAC65C63E1073540
351,La Sinfonia Citadel hotel and Spa,0101000020E6100000E96FF893E7755A4036CD960744073540
2734,Delicacy Hotel & Spa,0101000020E6100000E96FF893E7755A4036CD960744073540
588,Khách sạn Bel Ami Hanoi,0101000020E6100000315C1D00F1755A40EC866D8B32073540
589,Cara Rustic Apartment,0101000020E6100000315C1D00F1755A40EC866D8B32073540
1568,Khách sạn Icon 36 - Hàng Bông,0101000020E6100000024BAE62F1755A40F9C4950E31073540
2430,Millennium Hanoi Hotel,0101000020E6100000024BAE62F1755A40F9C4950E31073540
2740,Khách sạn Việt Phương,0101000020E6100000DD0DFD6E95755A4025E3BD0FAC073540
2741,Au Frais - Hanoi Homestay,0101000020E6100000DD0DFD6E95755A4025E3BD0FAC073540
2141,3t Hotel Travel,0101000020E6100000D270CADC7C755A40F4DDAD2CD1073540
2432,3T Hotel Hanoi,0101000020E6100000D270CADC7C755A40F4DDAD2CD1073540
356,Royal Hotel Hanoi,0101000020E6100000F2C0B6346D755A402E22E5828E073540
1451,Hoang Ngoc Hotel,0101000020E6100000F2C0B6346D755A402E22E5828E073540
161,Hanoi Aria Central Hotel & Spa,0101000020E610000075B0FECFE1755A40536232B0E9063540
1155,Hanoi Rosden Hotel & Travel,0101000020E610000075B0FECFE1755A40536232B0E9063540
803,Paradise Home Nguyễn Du,0101000020E6100000D824E428E5755A40B745990D32053540
1327,H&H Building,0101000020E6100000D824E428E5755A40B745990D32053540
136,Canary Hanoi Hotel,0101000020E6100000D384ED27E3755A404CAB7C2A02053540
2649,Duy Anh,0101000020E6100000D384ED27E3755A404CAB7C2A02053540
1941,Khách sạn Phú Nhuận New,0101000020E6100000514CDE00B3745A40B85CFDD824053540
1965,Hanpro - Serviced Apartment in Park Hill,0101000020E6100000514CDE00B3745A40B85CFDD824053540
130,Corona Hanoi House,0101000020E6100000B7C94D7999745A406D7EB2182B043540
131,D'VILLA HOTEL PHUC DONG,0101000020E6100000B7C94D7999745A406D7EB2182B043540
1147,Make Your ad Stand out,0101000020E6100000750DE9A683745A40F3F45B85DE063540
2576,"If you Like it, Stay If you Dont Like it, Just Stay",0101000020E6100000750DE9A683745A40F3F45B85DE063540
1054,Sophie Lancaster Hanoi Apartment,0101000020E610000096140E73B8745A40795E85EF58073540
1368,Căn hộ dịch vụ Bayhomes Lancaster,0101000020E610000096140E73B8745A40795E85EF58073540
1705,Jaan Apartment 20 Nui Truc,0101000020E610000096140E73B8745A40795E85EF58073540
141,Hanoi Hotel Ba Dinh,0101000020E6100000993B44EDC8745A4072A83A3F20073540
1132,A Great Headline Will Catch The Eye Of Guests When They See Your Property In Sea,0101000020E6100000993B44EDC8745A4072A83A3F20073540
430,Căn hộ Homefromhome Metropolis,0101000020E610000097981D9812745A40398DFEE1F8073540
587,Best Home - Vinhomes Metropolis,0101000020E610000097981D9812745A40398DFEE1F8073540
782,Serviced Apartment Vinhomes Metropolis,0101000020E610000097981D9812745A40398DFEE1F8073540
950,Lia House,0101000020E610000097981D9812745A40398DFEE1F8073540
980,Metropolis Near Lotte,0101000020E610000097981D9812745A40398DFEE1F8073540
983,Sophie's Vinhomes Metropolis Apartment,0101000020E610000097981D9812745A40398DFEE1F8073540
1103,Til_Vinhomes Metropolis,0101000020E610000097981D9812745A40398DFEE1F8073540
1148,Shendo Vinhomes Metropolis,0101000020E610000097981D9812745A40398DFEE1F8073540
1168,Hi-Home - Vinhomes Metropolis,0101000020E610000097981D9812745A40398DFEE1F8073540
1290,HKG- Vimhomes Metropolis - resort apartment in Hanoi,0101000020E610000097981D9812745A40398DFEE1F8073540
1296,Luxury Vinhomes Metropolis Apartment,0101000020E610000097981D9812745A40398DFEE1F8073540
1314,Vinhomes Metropolis Ba Dinh - Apartment,0101000020E610000097981D9812745A40398DFEE1F8073540
1425,Le Bristol-Vinhomes Metropolis Apartment,0101000020E610000097981D9812745A40398DFEE1F8073540
1675,Vinhomes Metropolis Harmony Residence,0101000020E610000097981D9812745A40398DFEE1F8073540
1759,Luxury Apartment in Vinhomes Metropolis,0101000020E610000097981D9812745A40398DFEE1F8073540
1775,Anstay Deluxe in Vinhomes Metropolis,0101000020E610000097981D9812745A40398DFEE1F8073540
1789,Luxury Apartment Metropolis NNP,0101000020E610000097981D9812745A40398DFEE1F8073540
1881,Lynn Housing,0101000020E610000097981D9812745A40398DFEE1F8073540
1928,Căn hộ dịch vụ Bayhomes Metropolis,0101000020E610000097981D9812745A40398DFEE1F8073540
2138,Vinhomes Metropolis Ha Noi-Gem Apartment,0101000020E610000097981D9812745A40398DFEE1F8073540
2158,Feria Home - Vinhomes Metropolis Lieu Giai,0101000020E610000097981D9812745A40398DFEE1F8073540
954,Metropolis Near Lotte,0101000020E61000000F84BFBA05745A4063C4F473F9073540
1133,Sophie's Vinhomes Metropolis Apartment,0101000020E61000000F84BFBA05745A4063C4F473F9073540
1786,Luxury Apartment in Vinhomes Metropolis,0101000020E61000000F84BFBA05745A4063C4F473F9073540
2686,Vinhomes Metropolis Hanoi - CitiHome,0101000020E610000047CA16493B745A40C987EAF70E083540
2687,Khách sạn Mai Villa - Trung Yên 2,0101000020E610000047CA16493B745A40C987EAF70E083540
10,Lotte Hotel Hanoi,0101000020E610000010A1004004745A40CEC133A149083540
395,Lotte The Residence,0101000020E610000010A1004004745A40CEC133A149083540
675,Spectacular Homes,0101000020E61000003D282845AB745A4080E2B66C63083540
698,Canvas Cau Giay Apartment,0101000020E61000003D282845AB745A4080E2B66C63083540
2659,Granda Serviced Apartment 5,0101000020E61000003D282845AB745A4080E2B66C63083540
1711,Quyet Homestay,0101000020E610000021EDDA39A8745A40795105ED1F093540
1712,ZIM S HOUSE HOSTEL AND HOMESTAY,0101000020E610000021EDDA39A8745A40795105ED1F093540
775,Hi Home Residences Ba Đình - Hà Nội,0101000020E610000006B243A10A745A408E290E5652093540
965,The Art - HiHome KMT Deluxe Studio Ba Dinh,0101000020E610000006B243A10A745A408E290E5652093540
233,Lake View Hotel Hanoi,0101000020E61000002C222F1029745A40B61FDF94A80B3540
2047,Lake View Hotel,0101000020E61000002C222F1029745A40B61FDF94A80B3540
552,22Housing Lake view Residence,0101000020E6100000283229F430745A40BE47A23C980B3540
1796,Lakeview Residence Hotel,0101000020E6100000283229F430745A40BE47A23C980B3540
958,Scewin Nine Housing - quản lý bởi Hostesk,0101000020E61000007CEE04FBAF755A407D4A84FC220B3540
1332,Nine Housing - Tran Vu,0101000020E61000007CEE04FBAF755A407D4A84FC220B3540
861,Lux Westlake Studio,0101000020E6100000B70FD484C8755A405DA79196CA0B3540
1362,HANZ Lux Hotel & Apartment Hanoi,0101000020E6100000B70FD484C8755A405DA79196CA0B3540
626,Le Jardin Hotel Haute Couture Hanoi,0101000020E610000061B8848DFC755A4009201043060B3540
1623,La Belle Vie Hotel Hanoi,0101000020E610000061B8848DFC755A4009201043060B3540
1222,Beautiful West Lake Apartment,0101000020E6100000602981832C755A4080E2B66C63083540
1535,Contemporary Arts Hotel,0101000020E6100000602981832C755A4080E2B66C63083540
1545,Mai Villa Hotel 8 - Trung Hoa Nhan Chinh,0101000020E6100000602981832C755A4080E2B66C63083540
2319,Cozy Lakeside Loft,0101000020E6100000602981832C755A4080E2B66C63083540
2332,Khách sạn Mai Villa - Mai Ly,0101000020E6100000602981832C755A4080E2B66C63083540
2710,Smart Hotel 2,0101000020E6100000602981832C755A4080E2B66C63083540
574,Hanoi Serenity Hotel 2 (formerly Rising Dragon Estate Hotel),0101000020E6100000F970242B1A765A406050F05EFF073540
1291,Rising Dragon Hotel,0101000020E6100000F970242B1A765A406050F05EFF073540
149,Singita Classy Boutique Hotel,0101000020E610000074D190F128765A40842EE1D05B083540
1735,Noble Boutique Hotel,0101000020E610000074D190F128765A40842EE1D05B083540
992,Serene Premier Hotel,0101000020E6100000E023ACD73E765A401D1142F630083540
1603,Hanoi Serene Hotel,0101000020E6100000E023ACD73E765A401D1142F630083540
696,Ancient Lane Hotel,0101000020E6100000F21E0CE13D765A40C81462E41B083540
1869,Manh Dung Guesthouse,0101000020E6100000F21E0CE13D765A40C81462E41B083540
1221,Hay Hostel - Hanoi Old Quarter,0101000020E6100000A9DFE0664C765A40A61F1ED324083540
1882,Silk Hanoi Moment Hotel & Spa,0101000020E6100000A9DFE0664C765A40A61F1ED324083540
472,Hanoi Harmonia Hotel & Spa,0101000020E610000071056FA35C765A4029290BBA18083540
1294,Hotel Des Arts – The Noble,0101000020E610000071056FA35C765A4029290BBA18083540
328,Khách sạn  Hanoi Victor Gallery Hotel & Spa,0101000020E6100000E0DCBAF660765A401E3F0A8D16083540
1137,Khách sạn Church Boutique Hàng Gai,0101000020E6100000E0DCBAF660765A401E3F0A8D16083540
513,San Boutique Hotel,0101000020E61000001C0181736B765A40DA0649FA0F083540
2153,La Paix Hanoi Hotel,0101000020E61000001C0181736B765A40DA0649FA0F083540
2389,Artisan Boutique Hotel,0101000020E61000001C0181736B765A40DA0649FA0F083540
459,The Artisan Lakeview Hotel,0101000020E6100000879A32816C765A40BAEC212B09083540
2647,HANZ LakeView Hotel Hanoi,0101000020E6100000879A32816C765A40BAEC212B09083540
1364,Scent Premium Hotel,0101000020E6100000D09A1F7F69765A400BD6935401083540
2183,Gondola Hotel & Spa,0101000020E6100000D09A1F7F69765A400BD6935401083540
436,Khách sạn Lakeside Palace,0101000020E6100000027FF8F96F765A4052BC259419083540
1734,Golden Lakeside Hotel,0101000020E6100000027FF8F96F765A4052BC259419083540
582,Victor Metropolis Hotel & Rooftop Bar,0101000020E6100000605EDB3667765A40CD84701640083540
1365,Khách sạn Church Boutique 58 Hàng Gai,0101000020E6100000605EDB3667765A40CD84701640083540
1886,Silk Collection Hotel & Spa,0101000020E6100000605EDB3667765A40CD84701640083540
246,Parklane Hanoi Hotel,0101000020E61000006CDBE67C67765A40295371885D083540
794,Impressive Boutique 2 Hotel,0101000020E61000006CDBE67C67765A40295371885D083540
1320,ilDivo Hostel,0101000020E61000006CDBE67C67765A40295371885D083540
1344,Khách sạn Prince Hanoi,0101000020E61000006CDBE67C67765A40295371885D083540
1070,Hortensia Flower Hotel & Spa,0101000020E610000014EAE92370765A4050A6D1E462083540
2479,Hanoi Golden River Hotel,0101000020E610000014EAE92370765A4050A6D1E462083540
1077,Golden Sun Hotel,0101000020E610000066FE2CF15B765A4044030C2659083540
1420,Golden Sun Palace Hotel,0101000020E610000066FE2CF15B765A4044030C2659083540
1135,Ha Noi Golden Sun Suites Hotel,0101000020E6100000E955AE015B765A404E017A2B5C083540
1737,Golden Sun Suites Hotel,0101000020E6100000E955AE015B765A404E017A2B5C083540
2268,Hanoi Sincerity Guest House,0101000020E61000007242322E66765A40F4CDECA98B083540
2641,The La Renta Hotel & Spa,0101000020E61000007242322E66765A40F4CDECA98B083540
625,Media Central Hotel & Spa,0101000020E6100000C67DF5027D765A40FFD8DAB1C7083540
1363,Khách sạn Hanoi Legacy - Hàng Bạc,0101000020E6100000C67DF5027D765A40FFD8DAB1C7083540
110,Wecozy Hanoi - Heart of Old Quarter,0101000020E61000006326512F78765A4093286A1FE1083540
1706,Old Quarter View Hanoi Hostel,0101000020E61000006326512F78765A4093286A1FE1083540
133,Silk Central Hotel & Travel,0101000020E61000005D8539E661765A40AA1C4938E3083540
2678,Golden Sun Moment Hotel,0101000020E61000005D8539E661765A40AA1C4938E3083540
364,Hanoi Liliane Hotel and Travel,0101000020E61000007BC674D748765A4093848E67E1083540
1350,The Queen Hotel & Spa,0101000020E61000007BC674D748765A4093848E67E1083540
846,Hanoi Jade Hostel,0101000020E61000001B7B9BA333765A408C0C175EEE083540
1559,Friends Inn & Travel,0101000020E61000001B7B9BA333765A408C0C175EEE083540
1718,Hanoi Salute Hotel & Spa,0101000020E6100000F893E7B031765A40DFC72CD6CB083540
2062,Hanoi Asia Hotel,0101000020E6100000F893E7B031765A40DFC72CD6CB083540
488,Peridot Gallery Classic Hotel,0101000020E610000011418B5B3B765A40344B02D4D4083540
489,Five Star Westlake,0101000020E610000011418B5B3B765A40344B02D4D4083540
2409,Hanoi Peridot Hotel,0101000020E610000011418B5B3B765A40344B02D4D4083540
669,Romantique Hotel De Hanoi,0101000020E61000007500C45D3D765A40B986BE60DC083540
1006,Icon 36 Hotel & Residence,0101000020E61000007500C45D3D765A40B986BE60DC083540
2037,Hanoi Prime Center Hotel & Spa,0101000020E6100000AAE4AD041C765A40898A27710C093540
2449,Hanoi Prime Garden Hotel & Spa,0101000020E6100000AAE4AD041C765A40898A27710C093540
411,Serene Boutique Hotel & Spa,0101000020E6100000941FA79E3B765A40836852AF00093540
1434,Legacy Old Quarter Hotel,0101000020E6100000941FA79E3B765A40836852AF00093540
1729,Hanoi Legacy Bat Su,0101000020E6100000941FA79E3B765A40836852AF00093540
144,Hanoian Central Hotel & Spa,0101000020E6100000337BEAA232765A406B9A779CA2093540
1421,The Hanoian Hotel,0101000020E6100000337BEAA232765A406B9A779CA2093540
2197,Hanoi Little Town Hotel,0101000020E6100000321C74AE4D765A4004E275FD82093540
2198,Khách sạn Hanoi Garden & Spa,0101000020E6100000321C74AE4D765A4004E275FD82093540
670,Hanoi Central Star Hotel,0101000020E6100000BAB42B3E4F765A404BFECCC584093540
991,Kangaroo Hostel,0101000020E6100000BAB42B3E4F765A404BFECCC584093540
1299,Central Guest House,0101000020E6100000BAB42B3E4F765A404BFECCC584093540
1300,NYNA House SKY View Egg Coffee Class,0101000020E6100000BAB42B3E4F765A404BFECCC584093540
1804,Aurora Central Hotel,0101000020E6100000E2B2655474765A403B8265B675093540
2310,Babylon Garden Hostel,0101000020E6100000E2B2655474765A403B8265B675093540
438,Amira Hotel Hanoi,0101000020E61000002432625573765A40ADFDF8A644093540
1905,Cosmo Garden Hotel & Spa,0101000020E61000002432625573765A40ADFDF8A644093540
2499,Hanoi Legacy Hotel Hoan Kiem,0101000020E61000002432625573765A40ADFDF8A644093540
2438,V Hostel,0101000020E6100000DB8420AC6B765A40593BE52C47093540
2677,Advisor Family Homestay,0101000020E6100000DB8420AC6B765A40593BE52C47093540
2482,Hanoi Ancient Paradise Hotel,0101000020E6100000C278BC7F62765A40A964A5EE6F093540
2486,Khách sạn Hanoi Old Town,0101000020E6100000C278BC7F62765A40A964A5EE6F093540
913,Khách sạn Hanoi Evergreen,0101000020E61000004FA26F1C42765A40D03AF4273B093540
2038,Hanoi Ecogreen Hostel,0101000020E61000004FA26F1C42765A40D03AF4273B093540
902,SaziHome 24 Hàng Vải,0101000020E610000001A3CB9B43765A40858F2D701E093540
2187,Tran Suites Apartment,0101000020E610000001A3CB9B43765A40858F2D701E093540
348,Mad Monkey Hanoi - Hostel,0101000020E6100000C976BE9F9A765A40A74BB5053A093540
2656,Khách sạn Medallion Hà Nội,0101000020E6100000C976BE9F9A765A40A74BB5053A093540
784,Amelie Homestay,0101000020E6100000F70890FC9C765A406F09658632093540
785,Little Anh House,0101000020E6100000F70890FC9C765A406F09658632093540
1073,Khách sạn La Suite,0101000020E61000006F3F2A0F9C765A4028A14F3F03093540
1128,HANZ Memory Premier Hotel & Spa,0101000020E61000006F3F2A0F9C765A4028A14F3F03093540
1624,Hanoi Elpis Hotel,0101000020E61000004C9D91529A765A40526749DB53093540
1902,Quang Hiep Hotel,0101000020E61000004C9D91529A765A40526749DB53093540
563,Holiday Suites Hotel & Spa,0101000020E610000076BDD98B8D765A40D7FE29B05B093540
1733,Holiday Diamond Hotel,0101000020E610000076BDD98B8D765A40D7FE29B05B093540
142,Maya Boutique Hotel & Spa,0101000020E6100000A69D9ACB8D765A40F5F57CCD72093540
1861,Hanoi Asia Star Hotel,0101000020E6100000A69D9ACB8D765A40F5F57CCD72093540
1108,Camel City Hotel,0101000020E6100000F574649B8A765A4062C1583A7A093540
2056,Khách sạn Hanoi Amber,0101000020E6100000F574649B8A765A4062C1583A7A093540
1521,Splendid Boutique Hotel,0101000020E6100000B0DDE28684765A405948652F80093540
1618,Winter Boutique Hotel,0101000020E6100000B0DDE28684765A405948652F80093540
1087,Camel City Hotel (Previous name: Hanoi Daisy Hotel),0101000020E6100000898DC3AA8B765A409544F64196093540
2384,Hanoi City Gate Hotel,0101000020E6100000898DC3AA8B765A409544F64196093540
468,Hanoi Fiesta Hotel and Spa,0101000020E6100000394C8F01B4765A408DF22785D4083540
2530,Hanoi Horse Hotel,0101000020E6100000394C8F01B4765A408DF22785D4083540
23,Matilda Boutique Hotel and Spa,0101000020E6100000127D8857A3765A40C3E050AEDF083540
1449,Funky Jungle Hostel,0101000020E6100000127D8857A3765A40C3E050AEDF083540
1833,Hanoi Youth Hostel,0101000020E610000000CD7BF7A2765A40591F6A36EA083540
2766,Hanoi Downtown Hostel,0101000020E610000000CD7BF7A2765A40591F6A36EA083540
1940,Khách sạn Hà Nội Era,0101000020E6100000B83A00E2AE765A4039F1D58EE2083540
2548,Golden Spring Hotel,0101000020E6100000B83A00E2AE765A4039F1D58EE2083540
664,Joye Hotel,0101000020E6100000C28DEFE684765A408DC756E1E0083540
1906,Hanoi Legend Hotel,0101000020E6100000C28DEFE684765A408DC756E1E0083540
224,Delapong Hài Tượng - Studio Tạ Hiện,0101000020E610000008C14FC186765A404E8B0B51CF083540
1337,Khách sạn Old Quarter Family,0101000020E610000008C14FC186765A404E8B0B51CF083540
906,Hanoi House Hostel & Travel,0101000020E61000000E1478279F765A40A626C11BD2083540
2480,Hanoi Guest House,0101000020E61000000E1478279F765A40A626C11BD2083540
539,La Siesta Classic Ma May,0101000020E61000009E78735D9D765A40945632B6C6083540
2160,Hanoi La Siesta Hotel & Spa,0101000020E61000009E78735D9D765A40945632B6C6083540
368,Khách Sạn Hanoi Carina,0101000020E6100000044477FF8E765A4067FADB5493083540
899,Hanoi’s Lane Homestay,0101000020E6100000044477FF8E765A4067FADB5493083540
1429,Khách Sạn Ancient Town,0101000020E6100000C0C3FEFC88765A40FEDFC7878F083540
2003,Aviary Hanoi Hotel & Travel,0101000020E6100000C0C3FEFC88765A40FEDFC7878F083540
1750,La Beaute De Hanoi Hotel,0101000020E6100000ABCDFFAB8E765A40DB85E63A8D083540
1751,New Vision Hotel,0101000020E6100000ABCDFFAB8E765A40DB85E63A8D083540
1379,Khách sạn Hà Nội Caballos,0101000020E6100000ED6C23F9A5765A404819710168083540
1501,Hanoi Antique Hotel,0101000020E6100000ED6C23F9A5765A404819710168083540
2510,GA hostel,0101000020E6100000E778BB148D765A403507AD2C76083540
2546,GOLDEN LOTUS HOTEL AND SPA,0101000020E6100000E778BB148D765A403507AD2C76083540
619,Hanoi La Selva Central Hotel,0101000020E61000008F7E45C88A765A40345FCA6548083540
1813,Khách sạn Blue Moon,0101000020E61000008F7E45C88A765A40345FCA6548083540
541,Cheering Hostel,0101000020E610000015A6947C91765A40EE42739D46083540
2518,Khách sạn Thăng Long 2,0101000020E610000015A6947C91765A40EE42739D46083540
2358,Hanoi Bella Rosa Hotel,0101000020E61000009803F3469C765A409C33A2B437083540
2528,Bella Rosa Hotel & Travel,0101000020E61000009803F3469C765A409C33A2B437083540
418,Shining Central Hotel & Spa,0101000020E61000002FB3BE37BC765A40C6B7C19A14083540
1609,Khách sạn Viet View,0101000020E61000002FB3BE37BC765A40C6B7C19A14083540
739,Valley Hotel & Travel,0101000020E61000009C8C2AC3B8765A40E62494BE10083540
1536,Hanoi La Siesta Diamond Hotel,0101000020E61000009C8C2AC3B8765A40E62494BE10083540
2774,Cozy room in Center Old Quarter,0101000020E61000009C8C2AC3B8765A40E62494BE10083540
1118,Antique Hanoi Hotel,0101000020E6100000CD7BF722B5765A401EAF9BAD17083540
1632,Oriana Boutique Hotel,0101000020E6100000CD7BF722B5765A401EAF9BAD17083540
231,Hanoi Lake View Hotel & Travel,0101000020E6100000BBE2F3D4B4765A407A6EA12B11083540
2571,Khách sạn Indochina Legend 2,0101000020E6100000BBE2F3D4B4765A407A6EA12B11083540
1787,Hanoi Lake View Hotel & Spa,0101000020E610000044F7AC6BB4765A40FC1873D712083540
2731,Hanoi Focus Boutique Hotel,0101000020E610000044F7AC6BB4765A40FC1873D712083540
332,Hanoi La Selva Hotel,0101000020E6100000798E6DBEB6765A4086CB2A6C06083540
2030,Jasmine Garden Hotel,0101000020E6100000798E6DBEB6765A4086CB2A6C06083540
524,Hanoi E Central Hotel,0101000020E61000008C22B59ABF765A40595F6E4100083540
2227,Hanoi Elegance Emerald Hotel,0101000020E61000008C22B59ABF765A40595F6E4100083540
1426,Golden Orchid Hotel,0101000020E610000072B499F9C4765A40950ACFF00B083540
1752,Khách sạn Asia Hanoi Elpis Grand,0101000020E610000072B499F9C4765A40950ACFF00B083540
683,Khách sạn Nhật Minh,0101000020E6100000451960D58F775A40C0C52F61D9093540
684,Vincent Hotel,0101000020E6100000451960D58F775A40C0C52F61D9093540
1914,Khách sạn Phương Đông,0101000020E6100000F8FFCC7B77765A40866F0624060A3540
1950,Khách sạn Golden Moon Diamond,0101000020E6100000F8FFCC7B77765A40866F0624060A3540
1952,S Jewelry Studio Old Quarter Hanoi - H2H,0101000020E61000007CE3B55C47765A40E59D9ED21C0A3540
1953,Green Mango Hotel,0101000020E61000007CE3B55C47765A40E59D9ED21C0A3540
1897,The Sono Hanoi Hotel,0101000020E6100000A587A1D549765A4003E32A604C0A3540
2660,Hanoi Genial Hotel,0101000020E6100000A587A1D549765A4003E32A604C0A3540
507,La Passion Classic,0101000020E6100000B6114F7633765A40D68F4DF2230A3540
1322,Mon Regency Hotel,0101000020E6100000B6114F7633765A40D68F4DF2230A3540
1371,ZO Hotel Nguyễn Trường Tộ,0101000020E61000001605B0B703765A409F758D96030B3540
2401,Hoang Duong Hotel by Bay Luxury,0101000020E61000001605B0B703765A409F758D96030B3540
21,Hanoi Le Jardin Hotel & Spa,0101000020E6100000FA87E3AFFF755A40C86D45AC0F0B3540
1084,Flower Garden Hotel,0101000020E6100000FA87E3AFFF755A40C86D45AC0F0B3540
18,Lotus Village Hotel Hanoi,0101000020E61000004742B68798775A40632B685A620D3540
1637,Hanoi Buddy Inn & Travel,0101000020E61000004742B68798775A40632B685A620D3540
662,The Royal Hotel Near West Lake,0101000020E61000009ECF807AB3755A4020B75F3E590D3540
663,Chalcedony Hotel,0101000020E61000009ECF807AB3755A4020B75F3E590D3540
2167,The Royal Hotel,0101000020E61000009ECF807AB3755A4020B75F3E590D3540
1774,Victoria Apartment Paradise Suites,0101000020E61000001ADCD6161E745A40273916CA780C3540
2738,Luxe Paradise Suites Hotel,0101000020E61000001ADCD6161E745A40273916CA780C3540
25,22Housing Moon Westlake Residence,0101000020E61000004E6F35A1FF735A4008E6E8F17B0D3540
2516,Moon West Lake Apartment,0101000020E61000004E6F35A1FF735A4008E6E8F17B0D3540
2517,Capsule Hanoi Luxury Hostel,0101000020E61000004E6F35A1FF735A4008E6E8F17B0D3540
1469,Hanoi Sunflower Westlake Homestay,0101000020E61000006B9C4D4780745A4078A85C97D00F3540
2513,An Apartment Ha Noi,0101000020E61000006B9C4D4780745A4078A85C97D00F3540
1771,Xuan La Apartment,0101000020E61000008A68853389735A4006DA780B7F0F3540
1795,Lily Home Tây Hồ,0101000020E61000008A68853389735A4006DA780B7F0F3540
1857,My Lan Hotel,0101000020E610000050E3DEFC06725A405B368474C20D3540
1858,Bao An Hotel Ha Noi,0101000020E610000050E3DEFC06725A405B368474C20D3540
90,Somerset Hoa Binh Hanoi,0101000020E610000024F83A04E9725A40CC608C48140C3540
2236,Tan Long Apartment - Hoang Quoc Viet,0101000020E610000024F83A04E9725A40CC608C48140C3540
933,Honeymoon Hotel and Apartment,0101000020E610000081B1BE81C9735A40D00EB8AE980D3540
2736,Honeymoon,0101000020E610000081B1BE81C9735A40D00EB8AE980D3540
715,Sen Luxury Hotel,0101000020E6100000E6A7829B56735A405073F222130A3540
716,Khách Sạn Bảo Ngọc Linh Đàm,0101000020E6100000E6A7829B56735A405073F222130A3540
1924,Apec 2 Hotel,0101000020E610000097040363D8735A402CEEE478AA083540
2249,Arowana Hotel,0101000020E610000097040363D8735A402CEEE478AA083540
1935,Sumitomo13 Apartment for only Japanese,0101000020E610000097BF8C73E5735A40D13FC1C58A083540
1936,Khách sạn Minh Hằng 1 (Nam Thanh Group),0101000020E610000097BF8C73E5735A40D13FC1C58A083540
874,Green Hotel Hanoi (Near Lotte Hanoi),0101000020E6100000F0243328E4735A40DDAA35DE67083540
2380,Green Hotel,0101000020E6100000F0243328E4735A40DDAA35DE67083540
702,Victor Hanoi Hotel,0101000020E610000029E78BBD17735A407F880D164E083540
703,Tuna Homestay & Experience,0101000020E610000029E78BBD17735A407F880D164E083540
314,Inearth Hotel Hanoi,0101000020E61000002772778C61725A40323CF6B358083540
315,Khách Sạn Thảo Nguyên,0101000020E61000002772778C61725A40323CF6B358083540
323,Bach Duong Hotel,0101000020E6100000E17B7F8376725A404146408523083540
2667,Hong Anh Hotel Cau Giay 1,0101000020E6100000E17B7F8376725A404146408523083540
1738,Suntour Việt Nam,0101000020E61000008DBD7218A7725A40A1A58691B90B3540
1739,Health Park Hotel,0101000020E61000008DBD7218A7725A40A1A58691B90B3540
1256,"One-Bedroom Serviced Apartment Hanoi, Ba Dinh",0101000020E610000077FC72C174725A40787B1002F20B3540
1550,Cầu Giấy Serviced Apartment Hoàng Quốc Việt,0101000020E610000077FC72C174725A40787B1002F20B3540
741,Hotel Villa Ju 1,0101000020E6100000C3BAF1EE48715A405624CBEE6E083540
1760,A25 Hotel - 09 Le Duc Tho,0101000020E6100000C3BAF1EE48715A405624CBEE6E083540
1062,Khách sạn Hoàng Anh 3,0101000020E61000001340D6F871715A40CBADFF290B093540
1700,Diamond Hotel Hanoi,0101000020E61000001340D6F871715A40CBADFF290B093540
1575,G15 Hotel - Phuong Ha Guesthouse (Tay Ho),0101000020E61000003100F9B7F0735A402FB9F6AA3A123540
2711,Mai Villa - Phuong Ha Guesthouse,0101000020E61000003100F9B7F0735A402FB9F6AA3A123540
623,Green Lotus Hotel Hanoi,0101000020E6100000F442F0AE69745A409A1947F652143540
2521,Ho Sen Xanh Hotel,0101000020E6100000F442F0AE69745A409A1947F652143540
27,L7 West Lake Hanoi By Lotte,0101000020E61000001B35159804745A40707D586FD4123540
2640,L7 WEST LAKE HANOI BY LOTTE - L7 RESIDENCES,0101000020E61000001B35159804745A40707D586FD4123540
365,Paradise Home Nhat Chieu,0101000020E6100000CB2665F709745A40D689703898123540
907,ParadiseHome Luxury Apartment Nhật Chiêu,0101000020E6100000CB2665F709745A40D689703898123540
148,Khách sạn Công Đoàn Quảng Bá,0101000020E61000004413CDA89E745A40AC30C73C3C113540
1229,Khách sạn S space Suites Westlake,0101000020E61000004413CDA89E745A40AC30C73C3C113540
473,WestLake Pearl ApartHotel & Spa,0101000020E6100000744A9B05B5745A40AE0095E0C3113540
1394,Westlake Pearl Apartment & Hotel - by Pegasy Group,0101000020E6100000744A9B05B5745A40AE0095E0C3113540
2562,COSY HOUSE-CENTER'S TAY HO,0101000020E61000007BA01518B2745A4054CB31B495103540
2563,Vinhomes Skylake next to Keangnam,0101000020E61000007BA01518B2745A4054CB31B495103540
824,Paradise Home Tây Hồ,0101000020E61000003EAB71DBE3745A403F219628D6103540
825,Paradise Home West Lake,0101000020E61000003EAB71DBE3745A403F219628D6103540
534,Oakwood Residence Hanoi,0101000020E6100000CD340642D7745A409E6F552305103540
535,A25 Hotel - 187 Trung Kinh,0101000020E6100000CD340642D7745A409E6F552305103540
1257,Anh Tri Flower Apartment,0101000020E61000006B0DA5F622755A40C3F5285C8F103540
2254,Khách sạn Phương Anh,0101000020E61000006B0DA5F622755A40C3F5285C8F103540
444,Khách sạn Nam Hải,0101000020E61000006C7BBB25B9785A4026C1C01836093540
445,Sao Mai Cosy Nest Noi Bai Airport,0101000020E61000006C7BBB25B9785A4026C1C01836093540
1441,Khách sạn Tùng Anh,0101000020E6100000F89C05EB49795A406018552BB8063540
1450,Northern Stella Homestay,0101000020E6100000F89C05EB49795A406018552BB8063540
2001,K17 Hotel,0101000020E61000007537F4BB55795A40906390604F063540
2164,K17 Hotel - by Bay Luxury,0101000020E61000007537F4BB55795A40906390604F063540
1681,It Dust Homestay 2 - The Wooden Apartment,0101000020E6100000F378B537537C5A407ACD61AD90FE3440
2040,It Dust Homestay 1 - The Ocean Apartment,0101000020E6100000F378B537537C5A407ACD61AD90FE3440
388,Vivian's House - Vinhomes Ocean Park Hà Nội,0101000020E6100000F6E16AAEE47B5A404FC4C7CCAAFE3440
1418,NVT Housing - Vinhomes Ocean Park Apartment Hanoi,0101000020E6100000F6E16AAEE47B5A404FC4C7CCAAFE3440
1278,NVT Housing - Vinhomes Times City Apartment Hanoi,0101000020E610000035A6160099775A4061116855F0FE3440
1653,Vinhomes Times City 2 Bedrooms Apartment,0101000020E610000035A6160099775A4061116855F0FE3440
506,Vinhome Time City Full Service Apartment,0101000020E6100000DD9733DB95775A40AAB0BE2610FF3440
1292,Full House Times City,0101000020E6100000DD9733DB95775A40AAB0BE2610FF3440
1643,Vinhomes Times City Delicate Residence,0101000020E6100000DD9733DB95775A40AAB0BE2610FF3440
1766,Nws Ha Noi Homes,0101000020E6100000DD9733DB95775A40AAB0BE2610FF3440
2304,Căn Hộ Luxury Apartment - Vinhomes Times City,0101000020E6100000DD9733DB95775A40AAB0BE2610FF3440
2411,Nvt Housing - Vinhomes Time City Apartment Hanoi,0101000020E6100000DD9733DB95775A40AAB0BE2610FF3440
2651,Serviced Apartment in Times Center,0101000020E6100000DD9733DB95775A40AAB0BE2610FF3440
189,Bom Homes - Vinhomes Times City,0101000020E6100000C98A86318E775A40DC95027745FF3440
1152,Cozy Homestay Hanoi,0101000020E6100000C98A86318E775A40DC95027745FF3440
1626,HKG - Vinhomes Time City - Park Hill - Modern apartment,0101000020E6100000C98A86318E775A40DC95027745FF3440
1892,Chichan House,0101000020E6100000C98A86318E775A40DC95027745FF3440
699,Tran Gia - Gia Loc Hotel,0101000020E6100000955DD5FEF3755A40190DCF0138FC3440
2124,A25 Hostel,0101000020E6100000955DD5FEF3755A40190DCF0138FC3440
783,Hanoi Imperia Garden Building,0101000020E6100000A5DDE8633E735A40986E1283C0FE3440
796,Vistay,0101000020E6100000A5DDE8633E735A40986E1283C0FE3440
2496,Perfect Hotel,0101000020E61000009D60A4BCFB715A4021B47977BFF93440
2497,Casa House,0101000020E61000009D60A4BCFB715A4021B47977BFF93440
